-0.0059962082,0.2000000030,0.2059962153,0.0906383395,4.5319170952,4.5319170952,0.0000000000,0.2059962153
0.0312057119,0.2000000030,0.1687942892,-0.0493282415,-2.4664120674,2.4664120674,0.2059962153,0.1687942892
0.0552556701,0.2000000030,0.1447443366,0.0036101777,0.1805088818,0.1805088818,0.1687942892,0.1447443366
0.0320546851,0.2000000030,0.1679453254,0.0208081994,1.0404099226,1.0404099226,0.1447443366,0.1679453254
0.0406770669,0.2000000030,0.1593229324,-0.0017162384,-0.0858119205,0.0858119205,0.1679453254,0.1593229324
0.0409745350,0.2000000030,0.1590254605,0.0079665082,0.3983253837,0.3983253837,0.1593229324,0.1590254605
0.0499208868,0.2000000030,0.1500791162,0.0024841211,0.1242060587,0.1242060587,0.1590254605,0.1500791162
0.0582774766,0.2000000030,0.1417225301,0.0041155354,0.2057767659,0.2057767659,0.1500791162,0.1417225301
0.0623869337,0.2000000030,0.1376130730,0.0055320575,0.2766028643,0.2766028643,0.1417225301,0.1376130730
0.0643208995,0.2000000030,0.1356790960,0.0054754643,0.2737731934,0.2737731934,0.1376130730,0.1356790960
0.0738381296,0.2000000030,0.1261618733,0.0016263811,0.0813190565,0.0813190565,0.1356790960,0.1261618733
0.0718201771,0.2000000030,0.1281798184,0.0078378152,0.3918907344,0.3918907344,0.1261618733,0.1281798184
0.0737384409,0.2000000030,0.1262615621,0.0038795706,0.1939785331,0.1939785331,0.1281798184,0.1262615621
0.0809822679,0.2000000030,0.1190177351,0.0022468297,0.1123414859,0.1123414859,0.1262615621,0.1190177351
0.0822016597,0.2000000030,0.1177983433,0.0056729419,0.2836470902,0.2836470902,0.1190177351,0.1177983433
0.0924188420,0.2000000030,0.1075811610,0.0004602531,0.0230126549,0.0230126549,0.1177983433,0.1075811610
0.0887828693,0.2000000030,0.1112171337,0.0079465108,0.3973255157,0.3973255157,0.1075811610,0.1112171337
0.0926320255,0.2000000030,0.1073679775,0.0020278620,0.1013930961,0.1013930961,0.1112171337,0.1073679775
0.0906810313,0.2000000030,0.1093189716,0.0059229881,0.2961494029,0.2961494029,0.1073679775,0.1093189716
0.0979316086,0.2000000030,0.1020683944,0.0007923060,0.0396152996,0.0396152996,0.1093189716,0.1020683944
0.0947825089,0.2000000030,0.1052174941,0.0069184555,0.3459227681,0.3459227681,0.1020683944,0.1052174941
0.1030333489,0.2000000030,0.0969666541,-0.0000514900,-0.0025745016,0.0025745016,0.1052174941,0.0969666541
0.1122094542,0.2000000030,0.0877905488,0.0014913477,0.0745673850,0.0745673850,0.0969666541,0.0877905488
0.1108632684,0.2000000030,0.0891367346,0.0059391647,0.2969582379,0.2969582379,0.0877905488,0.0891367346
0.1018283293,0.2000000030,0.0981716737,0.0072716055,0.3635802865,0.3635802865,0.0891367346,0.0981716737
0.1176978201,0.2000000030,0.0823021829,-0.0048626969,-0.2431348264,0.2431348264,0.0981716737,0.0823021829
0.1023316905,0.2000000030,0.0976683125,0.0132270828,0.6613541245,0.6613541245,0.0823021829,0.0976683125
0.1218517572,0.2000000030,0.0781482458,-0.0077553228,-0.3877661228,0.3877661228,0.0976683125,0.0781482458
0.1136222109,0.2000000030,0.0863777921,0.0106509440,0.5325471759,0.5325471759,0.0781482458,0.0863777921
0.1180968732,0.2000000030,0.0819031298,-0.0001596492,-0.0079824589,0.0079824589,0.0863777921,0.0819031298
0.1185464114,0.2000000030,0.0814535916,0.0039732610,0.1986630410,0.1986630410,0.0819031298,0.0814535916
0.1226579249,0.2000000030,0.0773420781,0.0015389854,0.0769492686,0.0769492686,0.0814535916,0.0773420781
0.1315320581,0.2000000030,0.0684679449,0.0000113671,0.0005683542,0.0005683542,0.0773420781,0.0684679449
0.1330335885,0.2000000030,0.0669664145,0.0038528708,0.1926435381,0.1926435381,0.0684679449,0.0669664145
0.1352945715,0.2000000030,0.0647054315,0.0019841299,0.0992064923,0.0992064923,0.0669664145,0.0647054315
0.1372321397,0.2000000030,0.0627678633,0.0021878839,0.1093941927,0.1093941927,0.0647054315,0.0627678633
0.1271206141,0.2000000030,0.0728793889,0.0073472997,0.3673650026,0.3673650026,0.0627678633,0.0728793889
0.1347302049,0.2000000030,0.0652697980,-0.0024553495,-0.1227674708,0.1227674708,0.0728793889,0.0652697980
0.1403892785,0.2000000030,0.0596107244,0.0016427175,0.0821358711,0.0821358711,0.0652697980,0.0596107244
0.1294960678,0.2000000030,0.0705039352,0.0083092563,0.4154628217,0.4154628217,0.0596107244,0.0705039352
0.1392031014,0.2000000030,0.0607969016,-0.0036295797,-0.1814789921,0.1814789921,0.0705039352,0.0607969016
0.1337184459,0.2000000030,0.0662815571,0.0067865313,0.3393265605,0.3393265605,0.0607969016,0.0662815571
0.1485985070,0.2000000030,0.0514014959,-0.0049928958,-0.2496447861,0.2496447861,0.0662815571,0.0514014959
0.1393326819,0.2000000030,0.0606673211,0.0091090351,0.4554517567,0.4554517567,0.0514014959,0.0606673211
0.1437932700,0.2000000030,0.0562067330,-0.0013891309,-0.0694565475,0.0694565475,0.0606673211,0.0562067330
0.1432574540,0.2000000030,0.0567425489,0.0033761458,0.1688072830,0.1688072830,0.0562067330,0.0567425489
0.1524343342,0.2000000030,0.0475656688,-0.0018752886,-0.0937644318,0.0937644318,0.0567425489,0.0475656688
0.1449830383,0.2000000030,0.0550169647,0.0070165731,0.3508286476,0.3508286476,0.0475656688,0.0550169647
0.1506580710,0.2000000030,0.0493419319,-0.0017865952,-0.0893297642,0.0893297642,0.0550169647,0.0493419319
0.1497182995,0.2000000030,0.0502817035,0.0035221833,0.1761091650,0.1761091650,0.0493419319,0.0502817035
0.1535428166,0.2000000030,0.0464571863,0.0001405262,0.0070263078,0.0070263078,0.0502817035,0.0464571863
0.1551987082,0.2000000030,0.0448012948,0.0018945986,0.0947299302,0.0947299302,0.0464571863,0.0448012948
0.1570393890,0.2000000030,0.0429606140,0.0013133304,0.0656665191,0.0656665191,0.0448012948,0.0429606140
0.1624952406,0.2000000030,0.0375047624,-0.0003140140,-0.0157007016,0.0157007016,0.0429606140,0.0375047624
0.1615472436,0.2000000030,0.0384527594,0.0030084793,0.1504239589,0.1504239589,0.0375047624,0.0384527594
0.1631241739,0.2000000030,0.0368758291,0.0006546616,0.0327330790,0.0327330790,0.0384527594,0.0368758291
0.1596157551,0.2000000030,0.0403842479,0.0033341236,0.1667061746,0.1667061746,0.0368758291,0.0403842479
0.1622278243,0.2000000030,0.0377721786,-0.0002356245,-0.0117812250,0.0117812250,0.0403842479,0.0377721786
0.1687355489,0.2000000030,0.0312644541,-0.0008300979,-0.0415048972,0.0415048972,0.0377721786,0.0312644541
0.1687034070,0.2000000030,0.0312965959,0.0025662654,0.1283132732,0.1283132732,0.0312644541,0.0312965959
0.1681536138,0.2000000030,0.0318463892,0.0014873445,0.0743672252,0.0743672252,0.0312965959,0.0318463892
0.1673214585,0.2000000030,0.0326785445,0.0015300452,0.0765022561,0.0765022561,0.0318463892,0.0326785445
0.1596983969,0.2000000030,0.0403016061,0.0044948580,0.2247428894,0.2247428894,0.0326785445,0.0403016061
0.1680171192,0.2000000030,0.0319828838,-0.0035727858,-0.1786392927,0.1786392927,0.0403016061,0.0319828838
0.1662207544,0.2000000030,0.0337792486,0.0037334603,0.1866730154,0.1866730154,0.0319828838,0.0337792486
0.1734704673,0.2000000030,0.0265295357,-0.0021979767,-0.1098988280,0.1098988280,0.0337792486,0.0265295357
0.1575466841,0.2000000030,0.0424533188,0.0095175887,0.4758794308,0.4758794308,0.0265295357,0.0424533188
0.1666362882,0.2000000030,0.0333637148,-0.0054860497,-0.2743024826,0.2743024826,0.0424533188,0.0333637148
0.1689329892,0.2000000030,0.0310670137,0.0021419208,0.1070960462,0.1070960462,0.0333637148,0.0310670137
0.1778384149,0.2000000030,0.0221615881,-0.0022163666,-0.1108183265,0.1108183265,0.0310670137,0.0221615881
0.1684830338,0.2000000030,0.0315169692,0.0067839166,0.3391958475,0.3391958475,0.0221615881,0.0315169692
0.1700590104,0.2000000030,0.0299409926,-0.0013038273,-0.0651913658,0.0651913658,0.0315169692,0.0299409926
0.1730732918,0.2000000030,0.0269267112,0.0001865512,0.0093275579,0.0093275579,0.0299409926,0.0269267112
0.1837830544,0.2000000030,0.0162169486,-0.0030323709,-0.1516185403,0.1516185403,0.0269267112,0.0162169486
0.1718530953,0.2000000030,0.0281469077,0.0080398126,0.4019906521,0.4019906521,0.0162169486,0.0281469077
0.1841872036,0.2000000030,0.0158127993,-0.0066871233,-0.3343561590,0.3343561590,0.0281469077,0.0158127993
0.1749799997,0.2000000030,0.0250200033,0.0071505033,0.3575251698,0.3575251698,0.0158127993,0.0250200033
0.1821458787,0.2000000030,0.0178541243,-0.0039936276,-0.1996813715,0.1996813715,0.0250200033,0.0178541243
0.1772541106,0.2000000030,0.0227458924,0.0042997189,0.2149859369,0.2149859369,0.0178541243,0.0227458924
0.1872206032,0.2000000030,0.0127793998,-0.0044537745,-0.2226887345,0.2226887345,0.0227458924,0.0127793998
0.1759167314,0.2000000030,0.0240832716,0.0074781780,0.3739088774,0.3739088774,0.0127793998,0.0240832716
0.1817394644,0.2000000030,0.0182605386,-0.0038594462,-0.1929723024,0.1929723024,0.0240832716,0.0182605386
0.1902794242,0.2000000030,0.0097205788,-0.0018626142,-0.0931307077,0.0931307077,0.0182605386,0.0097205788
0.1790862978,0.2000000030,0.0209137052,0.0070217908,0.3510895371,0.3510895371,0.0097205788,0.0209137052
0.1872194707,0.2000000030,0.0127805322,-0.0049806731,-0.2490336448,0.2490336448,0.0209137052,0.0127805322
0.1824627370,0.2000000030,0.0175372660,0.0042308187,0.2115409225,0.2115409225,0.0127805322,0.0175372660
0.1835396290,0.2000000030,0.0164603740,-0.0007236886,-0.0361844301,0.0361844301,0.0175372660,0.0164603740
0.1804122776,0.2000000030,0.0195877254,0.0022498281,0.1124913990,0.1124913990,0.0164603740,0.0195877254
0.1902679354,0.2000000030,0.0097320676,-0.0041784509,-0.2089225501,0.2089225501,0.0195877254,0.0097320676
0.1864501834,0.2000000030,0.0135498196,0.0040402254,0.2020112574,0.2020112574,0.0097320676,0.0135498196
0.1906985492,0.2000000030,0.0093014538,-0.0020908385,-0.1045419276,0.1045419276,0.0135498196,0.0093014538
0.1877131611,0.2000000030,0.0122868419,0.0025353022,0.1267651021,0.1267651021,0.0093014538,0.0122868419
0.1861481965,0.2000000030,0.0138518065,0.0005829805,0.0291490220,0.0291490220,0.0122868419,0.0138518065
0.1848542392,0.2000000030,0.0151457638,0.0008104205,0.0405210257,0.0405210257,0.0138518065,0.0151457638
0.1854925901,0.2000000030,0.0145074129,0.0000661647,0.0033082352,0.0033082352,0.0151457638,0.0145074129
0.1924461871,0.2000000030,0.0075538158,-0.0023516160,-0.1175808012,0.1175808012,0.0145074129,0.0075538158
0.1813008636,0.2000000030,0.0186991394,0.0065968148,0.3298407495,0.3298407495,0.0075538158,0.0186991394
0.1925461143,0.2000000030,0.0074538887,-0.0064290101,-0.3214505017,0.3214505017,0.0186991394,0.0074538887
0.1765861064,0.2000000030,0.0234138966,0.0095696095,0.4784804583,0.4784804583,0.0074538887,0.0234138966
0.1892542094,0.2000000030,0.0107457936,-0.0078294110,-0.3914705217,0.3914705217,0.0234138966,0.0107457936
0.1968075931,0.2000000030,0.0031924099,-0.0003600365,-0.0180018246,0.0180018246,0.0107457936,0.0031924099
0.1884261966,0.2000000030,0.0115738064,0.0053261877,0.2663093805,0.2663093805,0.0031924099,0.0115738064
0.1866741031,0.2000000030,0.0133258998,-0.0004424059,-0.0221202970,0.0221202970,0.0115738064,0.0133258998
0.1894366294,0.2000000030,0.0105633736,-0.0010328942,-0.0516447090,0.0516447090,0.0133258998,0.0105633736
0.1887132376,0.2000000030,0.0112867653,0.0012933325,0.0646666288,0.0646666288,0.0105633736,0.0112867653
0.1920626760,0.2000000030,0.0079373270,-0.0011669607,-0.0583480336,0.0583480336,0.0112867653,0.0079373270
0.1982981563,0.2000000030,0.0000000000,-0.0025050431,-0.1252521425,0.1252521425,0.0079373270,0.0000000000
0.1890726537,0.2000000030,0.0109273493,0.0063954992,0.3197749853,0.3197749853,0.0000000000,0.0109273493
0.1929928362,0.2000000030,0.0070071667,-0.0034732562,-0.1736628115,0.1736628115,0.0109273493,0.0070071667
0.1903448701,0.2000000030,0.0096551329,0.0022294284,0.1114714146,0.1114714146,0.0070071667,0.0096551329
0.1870828271,0.2000000030,0.0129171759,0.0012919110,0.0645955503,0.0645955503,0.0096551329,0.0129171759
0.1983934939,0.2000000030,0.0000000000,-0.0058192788,-0.2909639180,0.2909639180,0.0129171759,0.0000000000
0.1868337542,0.2000000030,0.0131662488,0.0083765853,0.4188292623,0.4188292623,0.0000000000,0.0131662488
0.1915449798,0.2000000030,0.0084550232,-0.0041795392,-0.2089769542,0.2089769542,0.0131662488,0.0084550232
0.1919765621,0.2000000030,0.0080234408,0.0010905499,0.0545274913,0.0545274913,0.0084550232,0.0080234408
0.1930949837,0.2000000030,0.0069050193,-0.0000848514,-0.0042425701,0.0042425701,0.0080234408,0.0069050193
0.2008637488,0.2000000030,0.0000000000,-0.0025383234,-0.1269161701,0.1269161701,0.0069050193,0.0000000000
0.1908948720,0.2000000030,0.0091051310,0.0053872615,0.2693630755,0.2693630755,0.0000000000,0.0091051310
0.2025439590,0.2000000030,-0.0025439560,-0.0065824194,-0.3291209936,0.3291209936,0.0091051310,-0.0025439560
0.1820312142,0.2000000030,0.0179687887,0.0112536671,0.5626833439,0.5626833439,-0.0025439560,0.0179687887
0.1923453212,0.2000000030,0.0076546818,-0.0079220049,-0.3961002529,0.3961002529,0.0179687887,0.0076546818
0.1873090863,0.2000000030,0.0126909167,0.0045849523,0.2292475998,0.2292475998,0.0076546818,0.0126909167
0.1954306960,0.2000000030,0.0045693070,-0.0040731188,-0.2036559433,0.2036559433,0.0126909167,0.0045693070
0.1993661821,0.2000000030,0.0000000000,-0.0002034009,-0.0101700425,0.0101700425,0.0045693070,0.0000000000
0.1982878149,0.2000000030,0.0000000000,0.0009138614,0.0456930697,0.0456930697,0.0000000000,0.0000000000
0.1985955834,0.2000000030,0.0000000000,0.0000000000,0.0000000000,0.0000000000,0.0000000000,0.0000000000
0.1996314526,0.2000000030,0.0000000000,0.0000000000,0.0000000000,0.0000000000,0.0000000000,0.0000000000
0.1994614899,0.2000000030,0.0000000000,0.0000000000,0.0000000000,0.0000000000,0.0000000000,0.0000000000
0.1999151260,0.2000000030,0.0000000000,0.0000000000,0.0000000000,0.0000000000,0.0000000000,0.0000000000
0.1995143145,0.2000000030,0.0000000000,0.0000000000,0.0000000000,0.0000000000,0.0000000000,0.0000000000
0.2003584206,0.2000000030,0.0000000000,0.0000000000,0.0000000000,0.0000000000,0.0000000000,0.0000000000
0.1995453238,0.2000000030,0.0000000000,0.0000000000,0.0000000000,0.0000000000,0.0000000000,0.0000000000
0.1999851763,0.2000000030,0.0000000000,0.0000000000,0.0000000000,0.0000000000,0.0000000000,0.0000000000
0.1993822455,0.2000000030,0.0000000000,0.0000000000,0.0000000000,0.0000000000,0.0000000000,0.0000000000
0.2000471801,0.2000000030,0.0000000000,0.0000000000,0.0000000000,0.0000000000,0.0000000000,0.0000000000
0.2001091987,0.2000000030,0.0000000000,0.0000000000,0.0000000000,0.0000000000,0.0000000000,0.0000000000
0.1995694339,0.2000000030,0.0000000000,0.0000000000,0.0000000000,0.0000000000,0.0000000000,0.0000000000
0.2003320009,0.2000000030,0.0000000000,0.0000000000,0.0000000000,0.0000000000,0.0000000000,0.0000000000
0.2001379132,0.2000000030,0.0000000000,0.0000000000,0.0000000000,0.0000000000,0.0000000000,0.0000000000
0.2004181296,0.2000000030,0.0000000000,0.0000000000,0.0000000000,0.0000000000,0.0000000000,0.0000000000
0.2000184804,0.2000000030,0.0000000000,0.0000000000,0.0000000000,0.0000000000,0.0000000000,0.0000000000
0.1994350702,0.2000000030,0.0000000000,0.0000000000,0.0000000000,0.0000000000,0.0000000000,0.0000000000
0.1996463835,0.2000000030,0.0000000000,0.0000000000,0.0000000000,0.0000000000,0.0000000000,0.0000000000
0.2000402957,0.2000000030,0.0000000000,0.0000000000,0.0000000000,0.0000000000,0.0000000000,0.0000000000
0.1999484152,0.2000000030,0.0000000000,0.0000000000,0.0000000000,0.0000000000,0.0000000000,0.0000000000
0.2002389729,0.2000000030,0.0000000000,0.0000000000,0.0000000000,0.0000000000,0.0000000000,0.0000000000
0.2003630102,0.2000000030,0.0000000000,0.0000000000,0.0000000000,0.0000000000,0.0000000000,0.0000000000
0.1998381764,0.2000000030,0.0000000000,0.0000000000,0.0000000000,0.0000000000,0.0000000000,0.0000000000
0.1994810104,0.2000000030,0.0000000000,0.0000000000,0.0000000000,0.0000000000,0.0000000000,0.0000000000
0.1998921484,0.2000000030,0.0000000000,0.0000000000,0.0000000000,0.0000000000,0.0000000000,0.0000000000
0.1986840069,0.2000000030,0.0000000000,0.0000000000,0.0000000000,0.0000000000,0.0000000000,0.0000000000
0.1991445273,0.2000000030,0.0000000000,0.0000000000,0.0000000000,0.0000000000,0.0000000000,0.0000000000
0.1988872737,0.2000000030,0.0000000000,0.0000000000,0.0000000000,0.0000000000,0.0000000000,0.0000000000
0.2000517845,0.2000000030,0.0000000000,0.0000000000,0.0000000000,0.0000000000,0.0000000000,0.0000000000
0.1996119320,0.2000000030,0.0000000000,0.0000000000,0.0000000000,0.0000000000,0.0000000000,0.0000000000
0.1998622864,0.2000000030,0.0000000000,0.0000000000,0.0000000000,0.0000000000,0.0000000000,0.0000000000
0.2002734244,0.2000000030,0.0000000000,0.0000000000,0.0000000000,0.0000000000,0.0000000000,0.0000000000
0.2005054206,0.2000000030,0.0000000000,0.0000000000,0.0000000000,0.0000000000,0.0000000000,0.0000000000
0.2003009915,0.2000000030,0.0000000000,0.0000000000,0.0000000000,0.0000000000,0.0000000000,0.0000000000
0.1999151111,0.2000000030,0.0000000000,0.0000000000,0.0000000000,0.0000000000,0.0000000000,0.0000000000
0.1993041486,0.2000000030,0.0000000000,0.0000000000,0.0000000000,0.0000000000,0.0000000000,0.0000000000
0.2001620233,0.2000000030,0.0000000000,0.0000000000,0.0000000000,0.0000000000,0.0000000000,0.0000000000
0.2002895027,0.2000000030,0.0000000000,0.0000000000,0.0000000000,0.0000000000,0.0000000000,0.0000000000
0.1997394115,0.2000000030,0.0000000000,0.0000000000,0.0000000000,0.0000000000,0.0000000000,0.0000000000
0.1991606057,0.2000000030,0.0000000000,0.0000000000,0.0000000000,0.0000000000,0.0000000000,0.0000000000
0.1993144900,0.2000000030,0.0000000000,0.0000000000,0.0000000000,0.0000000000,0.0000000000,0.0000000000
0.1994075179,0.2000000030,0.0000000000,0.0000000000,0.0000000000,0.0000000000,0.0000000000,0.0000000000
0.1998519450,0.2000000030,0.0000000000,0.0000000000,0.0000000000,0.0000000000,0.0000000000,0.0000000000
0.1996888816,0.2000000030,0.0000000000,0.0000000000,0.0000000000,0.0000000000,0.0000000000,0.0000000000
0.1994741261,0.2000000030,0.0000000000,0.0000000000,0.0000000000,0.0000000000,0.0000000000,0.0000000000
0.1991433799,0.2000000030,0.0000000000,0.0000000000,0.0000000000,0.0000000000,0.0000000000,0.0000000000
0.1995223463,0.2000000030,0.0000000000,0.0000000000,0.0000000000,0.0000000000,0.0000000000,0.0000000000
0.1999162585,0.2000000030,0.0000000000,0.0000000000,0.0000000000,0.0000000000,0.0000000000,0.0000000000
0.1998232454,0.2000000030,0.0000000000,0.0000000000,0.0000000000,0.0000000000,0.0000000000,0.0000000000
0.1995085776,0.2000000030,0.0000000000,0.0000000000,0.0000000000,0.0000000000,0.0000000000,0.0000000000
0.1993535310,0.2000000030,0.0000000000,0.0000000000,0.0000000000,0.0000000000,0.0000000000,0.0000000000
0.2000678629,0.2000000030,0.0000000000,0.0000000000,0.0000000000,0.0000000000,0.0000000000,0.0000000000
0.1991778314,0.2000000030,0.0000000000,0.0000000000,0.0000000000,0.0000000000,0.0000000000,0.0000000000
0.2000345588,0.2000000030,0.0000000000,0.0000000000,0.0000000000,0.0000000000,0.0000000000,0.0000000000
0.1990675777,0.2000000030,0.0000000000,0.0000000000,0.0000000000,0.0000000000,0.0000000000,0.0000000000
0.1990273893,0.2000000030,0.0000000000,0.0000000000,0.0000000000,0.0000000000,0.0000000000,0.0000000000
0.1996659040,0.2000000030,0.0000000000,0.0000000000,0.0000000000,0.0000000000,0.0000000000,0.0000000000
0.1998347193,0.2000000030,0.0000000000,0.0000000000,0.0000000000,0.0000000000,0.0000000000,0.0000000000
0.1991640478,0.2000000030,0.0000000000,0.0000000000,0.0000000000,0.0000000000,0.0000000000,0.0000000000
0.2001080513,0.2000000030,0.0000000000,0.0000000000,0.0000000000,0.0000000000,0.0000000000,0.0000000000
0.1989630759,0.2000000030,0.0000000000,0.0000000000,0.0000000000,0.0000000000,0.0000000000,0.0000000000
0.1990469098,0.2000000030,0.0000000000,0.0000000000,0.0000000000,0.0000000000,0.0000000000,0.0000000000
0.1992754489,0.2000000030,0.0000000000,0.0000000000,0.0000000000,0.0000000000,0.0000000000,0.0000000000
0.2007040977,0.2000000030,0.0000000000,0.0000000000,0.0000000000,0.0000000000,0.0000000000,0.0000000000
0.1995694339,0.2000000030,0.0000000000,0.0000000000,0.0000000000,0.0000000000,0.0000000000,0.0000000000
0.1996107846,0.2000000030,0.0000000000,0.0000000000,0.0000000000,0.0000000000,0.0000000000,0.0000000000
0.1985117495,0.2000000030,0.0000000000,0.0000000000,0.0000000000,0.0000000000,0.0000000000,0.0000000000
0.2000081390,0.2000000030,0.0000000000,0.0000000000,0.0000000000,0.0000000000,0.0000000000,0.0000000000
0.1992547661,0.2000000030,0.0000000000,0.0000000000,0.0000000000,0.0000000000,0.0000000000,0.0000000000
0.1999151111,0.2000000030,0.0000000000,0.0000000000,0.0000000000,0.0000000000,0.0000000000,0.0000000000
0.1990744621,0.2000000030,0.0000000000,0.0000000000,0.0000000000,0.0000000000,0.0000000000,0.0000000000
0.1996590197,0.2000000030,0.0000000000,0.0000000000,0.0000000000,0.0000000000,0.0000000000,0.0000000000
0.1996038854,0.2000000030,0.0000000000,0.0000000000,0.0000000000,0.0000000000,0.0000000000,0.0000000000
0.2000827938,0.2000000030,0.0000000000,0.0000000000,0.0000000000,0.0000000000,0.0000000000,0.0000000000
0.1999518722,0.2000000030,0.0000000000,0.0000000000,0.0000000000,0.0000000000,0.0000000000,0.0000000000
0.1998611391,0.2000000030,0.0000000000,0.0000000000,0.0000000000,0.0000000000,0.0000000000,0.0000000000
0.1993409097,0.2000000030,0.0000000000,0.0000000000,0.0000000000,0.0000000000,0.0000000000,0.0000000000
0.1989538819,0.2000000030,0.0000000000,0.0000000000,0.0000000000,0.0000000000,0.0000000000,0.0000000000
0.1985140443,0.2000000030,0.0000000000,0.0000000000,0.0000000000,0.0000000000,0.0000000000,0.0000000000
0.1986059099,0.2000000030,0.0000000000,0.0000000000,0.0000000000,0.0000000000,0.0000000000,0.0000000000
0.1990009695,0.2000000030,0.0000000000,0.0000000000,0.0000000000,0.0000000000,0.0000000000,0.0000000000
0.1994947940,0.2000000030,0.0000000000,0.0000000000,0.0000000000,0.0000000000,0.0000000000,0.0000000000
0.1995728910,0.2000000030,0.0000000000,0.0000000000,0.0000000000,0.0000000000,0.0000000000,0.0000000000
0.1995705813,0.2000000030,0.0000000000,0.0000000000,0.0000000000,0.0000000000,0.0000000000,0.0000000000
0.1991112232,0.2000000030,0.0000000000,0.0000000000,0.0000000000,0.0000000000,0.0000000000,0.0000000000
0.1994258910,0.2000000030,0.0000000000,0.0000000000,0.0000000000,0.0000000000,0.0000000000,0.0000000000
0.1997646689,0.2000000030,0.0000000000,0.0000000000,0.0000000000,0.0000000000,0.0000000000,0.0000000000
0.1996475309,0.2000000030,0.0000000000,0.0000000000,0.0000000000,0.0000000000,0.0000000000,0.0000000000
0.1991594583,0.2000000030,0.0000000000,0.0000000000,0.0000000000,0.0000000000,0.0000000000,0.0000000000
0.1996969134,0.2000000030,0.0000000000,0.0000000000,0.0000000000,0.0000000000,0.0000000000,0.0000000000
0.1995625496,0.2000000030,0.0000000000,0.0000000000,0.0000000000,0.0000000000,0.0000000000,0.0000000000
0.1995797753,0.2000000030,0.0000000000,0.0000000000,0.0000000000,0.0000000000,0.0000000000,0.0000000000
0.1995177567,0.2000000030,0.0000000000,0.0000000000,0.0000000000,0.0000000000,0.0000000000,0.0000000000
0.1986093670,0.2000000030,0.0000000000,0.0000000000,0.0000000000,0.0000000000,0.0000000000,0.0000000000
0.1986748278,0.2000000030,0.0000000000,0.0000000000,0.0000000000,0.0000000000,0.0000000000,0.0000000000
0.1990434676,0.2000000030,0.0000000000,0.0000000000,0.0000000000,0.0000000000,0.0000000000,0.0000000000
0.1994695216,0.2000000030,0.0000000000,0.0000000000,0.0000000000,0.0000000000,0.0000000000,0.0000000000
0.1995189041,0.2000000030,0.0000000000,0.0000000000,0.0000000000,0.0000000000,0.0000000000,0.0000000000
0.1989205778,0.2000000030,0.0000000000,0.0000000000,0.0000000000,0.0000000000,0.0000000000,0.0000000000
0.1990893930,0.2000000030,0.0000000000,0.0000000000,0.0000000000,0.0000000000,0.0000000000,0.0000000000
0.1993902773,0.2000000030,0.0000000000,0.0000000000,0.0000000000,0.0000000000,0.0000000000,0.0000000000
0.1991284490,0.2000000030,0.0000000000,0.0000000000,0.0000000000,0.0000000000,0.0000000000,0.0000000000
0.1987621039,0.2000000030,0.0000000000,0.0000000000,0.0000000000,0.0000000000,0.0000000000,0.0000000000
0.1986415237,0.2000000030,0.0000000000,0.0000000000,0.0000000000,0.0000000000,0.0000000000,0.0000000000
0.1995051205,0.2000000030,0.0000000000,0.0000000000,0.0000000000,0.0000000000,0.0000000000,0.0000000000
0.1990273893,0.2000000030,0.0000000000,0.0000000000,0.0000000000,0.0000000000,0.0000000000,0.0000000000
0.1996463835,0.2000000030,0.0000000000,0.0000000000,0.0000000000,0.0000000000,0.0000000000,0.0000000000
0.1991697848,0.2000000030,0.0000000000,0.0000000000,0.0000000000,0.0000000000,0.0000000000,0.0000000000
0.1992363930,0.2000000030,0.0000000000,0.0000000000,0.0000000000,0.0000000000,0.0000000000,0.0000000000
0.1996636093,0.2000000030,0.0000000000,0.0000000000,0.0000000000,0.0000000000,0.0000000000,0.0000000000
0.1984772980,0.2000000030,0.0000000000,0.0000000000,0.0000000000,0.0000000000,0.0000000000,0.0000000000
0.1987804770,0.2000000030,0.0000000000,0.0000000000,0.0000000000,0.0000000000,0.0000000000,0.0000000000
0.1988746524,0.2000000030,0.0000000000,0.0000000000,0.0000000000,0.0000000000,0.0000000000,0.0000000000
0.1985071599,0.2000000030,0.0000000000,0.0000000000,0.0000000000,0.0000000000,0.0000000000,0.0000000000
0.1995901167,0.2000000030,0.0000000000,0.0000000000,0.0000000000,0.0000000000,0.0000000000,0.0000000000
0.1996222734,0.2000000030,0.0000000000,0.0000000000,0.0000000000,0.0000000000,0.0000000000,0.0000000000
0.1991089284,0.2000000030,0.0000000000,0.0000000000,0.0000000000,0.0000000000,0.0000000000,0.0000000000
0.1987000853,0.2000000030,0.0000000000,0.0000000000,0.0000000000,0.0000000000,0.0000000000,0.0000000000
0.1996394992,0.2000000030,0.0000000000,0.0000000000,0.0000000000,0.0000000000,0.0000000000,0.0000000000
0.1998668760,0.2000000030,0.0000000000,0.0000000000,0.0000000000,0.0000000000,0.0000000000,0.0000000000
0.1996934712,0.2000000030,0.0000000000,0.0000000000,0.0000000000,0.0000000000,0.0000000000,0.0000000000
0.1990446150,0.2000000030,0.0000000000,0.0000000000,0.0000000000,0.0000000000,0.0000000000,0.0000000000
0.1994741261,0.2000000030,0.0000000000,0.0000000000,0.0000000000,0.0000000000,0.0000000000,0.0000000000
0.1996337473,0.2000000030,0.0000000000,0.0000000000,0.0000000000,0.0000000000,0.0000000000,0.0000000000
0.1994649321,0.2000000030,0.0000000000,0.0000000000,0.0000000000,0.0000000000,0.0000000000,0.0000000000
0.1982924044,0.2000000030,0.0000000000,0.0000000000,0.0000000000,0.0000000000,0.0000000000,0.0000000000
0.1992019415,0.2000000030,0.0000000000,0.0000000000,0.0000000000,0.0000000000,0.0000000000,0.0000000000
0.1987552047,0.2000000030,0.0000000000,0.0000000000,0.0000000000,0.0000000000,0.0000000000,0.0000000000
0.1994144022,0.2000000030,0.0000000000,0.0000000000,0.0000000000,0.0000000000,0.0000000000,0.0000000000
0.1990962923,0.2000000030,0.0000000000,0.0000000000,0.0000000000,0.0000000000,0.0000000000,0.0000000000
0.1991364807,0.2000000030,0.0000000000,0.0000000000,0.0000000000,0.0000000000,0.0000000000,0.0000000000
0.1991525590,0.2000000030,0.0000000000,0.0000000000,0.0000000000,0.0000000000,0.0000000000,0.0000000000
0.1989033520,0.2000000030,0.0000000000,0.0000000000,0.0000000000,0.0000000000,0.0000000000,0.0000000000
0.1991204023,0.2000000030,0.0000000000,0.0000000000,0.0000000000,0.0000000000,0.0000000000,0.0000000000
0.1995143145,0.2000000030,0.0000000000,0.0000000000,0.0000000000,0.0000000000,0.0000000000,0.0000000000
0.1993891299,0.2000000030,0.0000000000,0.0000000000,0.0000000000,0.0000000000,0.0000000000,0.0000000000
0.1994729787,0.2000000030,0.0000000000,0.0000000000,0.0000000000,0.0000000000,0.0000000000,0.0000000000
0.1988689005,0.2000000030,0.0000000000,0.0000000000,0.0000000000,0.0000000000,0.0000000000,0.0000000000
0.1989734024,0.2000000030,0.0000000000,0.0000000000,0.0000000000,0.0000000000,0.0000000000,0.0000000000
0.1993776560,0.2000000030,0.0000000000,0.0000000000,0.0000000000,0.0000000000,0.0000000000,0.0000000000
0.1991812736,0.2000000030,0.0000000000,0.0000000000,0.0000000000,0.0000000000,0.0000000000,0.0000000000
0.1990446150,0.2000000030,0.0000000000,0.0000000000,0.0000000000,0.0000000000,0.0000000000,0.0000000000
0.1986817122,0.2000000030,0.0000000000,0.0000000000,0.0000000000,0.0000000000,0.0000000000,0.0000000000
0.1983532608,0.2000000030,0.0000000000,0.0000000000,0.0000000000,0.0000000000,0.0000000000,0.0000000000
0.1985530853,0.2000000030,0.0000000000,0.0000000000,0.0000000000,0.0000000000,0.0000000000,0.0000000000
0.1988849789,0.2000000030,0.0000000000,0.0000000000,0.0000000000,0.0000000000,0.0000000000,0.0000000000
0.1994155496,0.2000000030,0.0000000000,0.0000000000,0.0000000000,0.0000000000,0.0000000000,0.0000000000
0.1994373649,0.2000000030,0.0000000000,0.0000000000,0.0000000000,0.0000000000,0.0000000000,0.0000000000
0.1988505274,0.2000000030,0.0000000000,0.0000000000,0.0000000000,0.0000000000,0.0000000000,0.0000000000
0.1987092793,0.2000000030,0.0000000000,0.0000000000,0.0000000000,0.0000000000,0.0000000000,0.0000000000
0.1985381544,0.2000000030,0.0000000000,0.0000000000,0.0000000000,0.0000000000,0.0000000000,0.0000000000
0.1988183707,0.2000000030,0.0000000000,0.0000000000,0.0000000000,0.0000000000,0.0000000000,0.0000000000
0.1988401860,0.2000000030,0.0000000000,0.0000000000,0.0000000000,0.0000000000,0.0000000000,0.0000000000
0.1987483203,0.2000000030,0.0000000000,0.0000000000,0.0000000000,0.0000000000,0.0000000000,0.0000000000
0.1983406395,0.2000000030,0.0000000000,0.0000000000,0.0000000000,0.0000000000,0.0000000000,0.0000000000
0.1980512440,0.2000000030,0.0000000000,0.0000000000,0.0000000000,0.0000000000,0.0000000000,0.0000000000
0.1978284568,0.2000000030,0.0021715462,0.0009554803,0.0477740169,0.0477740169,0.0000000000,0.0021715462
0.1920029521,0.2000000030,0.0079970509,0.0022157747,0.1107887328,0.1107887328,0.0021715462,0.0079970509
0.1942949593,0.2000000030,0.0057050437,-0.0018537021,-0.0926851034,0.0926851034,0.0079970509,0.0057050437
0.1998106092,0.2000000030,0.0000000000,-0.0018236161,-0.0911808014,0.0911808014,0.0057050437,0.0000000000
0.1888280660,0.2000000030,0.0111719370,0.0060566608,0.3028330505,0.3028330505,0.0000000000,0.0111719370
0.1923279464,0.2000000030,0.0076720566,-0.0033274572,-0.1663728654,0.1663728654,0.0111719370,0.0076720566
0.1928779632,0.2000000030,0.0071220398,0.0007648510,0.0382425487,0.0382425487,0.0076720566,0.0071220398
0.1948438585,0.2000000030,0.0051561445,-0.0004701090,-0.0235054493,0.0235054493,0.0071220398,0.0051561445
0.1931730509,0.2000000030,0.0068269521,0.0013345801,0.0667290092,0.0667290092,0.0051561445,0.0068269521
0.1949288398,0.2000000030,0.0050711632,-0.0008336306,-0.0416815281,0.0416815281,0.0068269521,0.0050711632
0.1917732954,0.2000000030,0.0082267076,0.0019424439,0.0971221924,0.0971221924,0.0050711632,0.0082267076
0.1964125037,0.2000000030,0.0035874993,-0.0023432923,-0.1171646193,0.1171646193,0.0082267076,0.0035874993
0.1849588007,0.2000000030,0.0150412023,0.0061109709,0.3055485487,0.3055485487,0.0035874993,0.0150412023
0.2030631900,0.2000000030,-0.0030631870,-0.0096550239,-0.4827511907,0.4827511907,0.0150412023,-0.0030631870
0.1957833320,0.2000000030,0.0042166710,0.0067014880,0.3350743949,0.3350743949,-0.0030631870,0.0042166710
0.1942261606,0.2000000030,0.0057738423,-0.0006021494,-0.0301074702,0.0301074702,0.0042166710,0.0057738423
0.1954122782,0.2000000030,0.0045877248,-0.0006023723,-0.0301186144,0.0301186144,0.0057738423,0.0045877248
0.2021948099,0.2000000030,-0.0021948069,-0.0025635816,-0.1281790733,0.1281790733,0.0045877248,-0.0021948069
0.1937713474,0.2000000030,0.0062286556,0.0049750376,0.2487518787,0.2487518787,-0.0021948069,0.0062286556
0.1981133372,0.2000000030,0.0000000000,-0.0041761547,-0.2088077366,0.2088077366,0.0062286556,0.0000000000
0.1957349777,0.2000000030,0.0042650253,0.0031223423,0.1561171114,0.1561171114,0.0000000000,0.0042650253
0.1994419694,0.2000000030,0.0000000000,-0.0025590151,-0.1279507428,0.1279507428,0.0042650253,0.0000000000
0.1953789890,0.2000000030,0.0046210140,0.0028862511,0.1443125457,0.1443125457,0.0000000000,0.0046210140
0.1992387027,0.2000000030,0.0000000000,-0.0027726083,-0.1386304051,0.1386304051,0.0046210140,0.0000000000
0.2065591961,0.2000000030,-0.0065591931,-0.0019618422,-0.0980921090,0.0980921090,0.0000000000,-0.0065591931
0.2028770149,0.2000000030,-0.0028770119,0.0026696308,0.1334815323,0.1334815323,-0.0065591931,-0.0028770119
0.1960588098,0.2000000030,0.0039411932,0.0021484937,0.1074246764,0.1074246764,-0.0028770119,0.0039411932
0.2002068460,0.2000000030,0.0000000000,-0.0029401183,-0.1470059156,0.1470059156,0.0039411932,0.0000000000
0.1877178550,0.2000000030,0.0122821480,0.0061923838,0.3096191883,0.3096191883,0.0000000000,0.0122821480
0.2059575021,0.2000000030,-0.0059574991,-0.0099905888,-0.4995294213,0.4995294213,0.0122821480,-0.0059574991
0.1973082721,0.2000000030,0.0026917309,0.0072152908,0.3607645333,0.3607645333,-0.0059574991,0.0026917309
0.1962460130,0.2000000030,0.0037539899,-0.0011547827,-0.0577391349,0.0577391349,0.0026917309,0.0037539899
0.2091240138,0.2000000030,-0.0091240108,-0.0057286127,-0.2864306271,0.2864306271,0.0037539899,-0.0091240108
0.1953950971,0.2000000030,0.0046049058,0.0082513634,0.4125681520,0.4125681520,-0.0091240108,0.0046049058
0.1948565394,0.2000000030,0.0051434636,-0.0023246217,-0.1162310764,0.1162310764,0.0046049058,0.0051434636
0.2032525688,0.2000000030,-0.0032525659,-0.0035962260,-0.1798112839,0.1798112839,0.0051434636,-0.0032525659
0.2057219148,0.2000000030,-0.0057219118,0.0004625911,0.0231295526,0.0231295526,-0.0032525659,-0.0057219118
0.1944499910,0.2000000030,0.0055500120,0.0052246395,0.2612319887,0.2612319887,-0.0057219118,0.0055500120
0.1963975877,0.2000000030,0.0036024153,-0.0028893270,-0.1444663405,0.1444663405,0.0055500120,0.0036024153
0.2096328586,0.2000000030,-0.0096328557,-0.0052899034,-0.2644951642,0.2644951642,0.0036024153,-0.0096328557
0.2053727657,0.2000000030,-0.0053727627,0.0041361810,0.2068090439,0.2068090439,-0.0096328557,-0.0053727627
0.2049730569,0.2000000030,-0.0049730539,-0.0008910573,-0.0445528626,0.0445528626,-0.0053727627,-0.0049730539
0.2066935748,0.2000000030,-0.0066935718,-0.0010358918,-0.0517945923,0.0517945923,-0.0049730539,-0.0066935718
0.1859852374,0.2000000030,0.0140147656,0.0091880290,0.4594014585,0.4594014585,-0.0066935718,0.0140147656
0.2025407255,0.2000000030,-0.0025407225,-0.0108654918,-0.5432745814,0.5432745814,0.0140147656,-0.0025407225
0.1973749548,0.2000000030,0.0026250482,0.0054824082,0.2741203904,0.2741203904,-0.0025407225,0.0026250482
0.1985106468,0.2000000030,0.0000000000,-0.0020831735,-0.1041586697,0.1041586697,0.0026250482,0.0000000000
0.1894228756,0.2000000030,0.0105771273,0.0051789461,0.2589472830,0.2589472830,0.0000000000,0.0105771273
0.2009843737,0.2000000030,0.0000000000,-0.0063462760,-0.3173137903,0.3173137903,0.0105771273,0.0000000000
0.1934819818,0.2000000030,0.0065180212,0.0049833548,0.2491677403,0.2491677403,0.0000000000,0.0065180212
0.2031825930,0.2000000030,-0.0031825900,-0.0053111520,-0.2655575871,0.2655575871,0.0065180212,-0.0031825900
0.2098591179,0.2000000030,-0.0098591149,-0.0011248523,-0.0562426150,0.0562426150,-0.0031825900,-0.0098591149
0.1966042817,0.2000000030,0.0033957213,0.0067730686,0.3386534452,0.3386534452,-0.0098591149,0.0033957213
0.1999829113,0.2000000030,0.0000000000,-0.0040092557,-0.2004627883,0.2004627883,0.0033957213,0.0000000000
0.2051303983,0.2000000030,-0.0051303953,-0.0015782296,-0.0789114758,0.0789114758,0.0000000000,-0.0051303953
0.1906101555,0.2000000030,0.0093898475,0.0072097704,0.3604885340,0.3604885340,-0.0051303953,0.0093898475
0.2103267610,0.2000000030,-0.0103267580,-0.0112037621,-0.5601881146,0.5601881146,0.0093898475,-0.0103267580
0.2043518424,0.2000000030,-0.0043518394,0.0061592152,0.3079607487,0.3079607487,-0.0103267580,-0.0043518394
0.2000242621,0.2000000030,0.0000000000,0.0005457521,0.0272876043,0.0272876043,-0.0043518394,0.0000000000
0.2027552724,0.2000000030,-0.0027552694,-0.0020826864,-0.1041343138,0.1041343138,0.0000000000,-0.0027552694
0.1907043010,0.2000000030,0.0092957020,0.0057432707,0.2871635258,0.2871635258,-0.0027552694,0.0092957020
0.2005479634,0.2000000030,0.0000000000,-0.0061284755,-0.3064237833,0.3064237833,0.0092957020,0.0000000000
0.2124482095,0.2000000030,-0.0124482065,-0.0036180706,-0.1809035242,0.1809035242,0.0000000000,-0.0124482065
0.2010762393,0.2000000030,0.0000000000,0.0074689239,0.3734461963,0.3734461963,-0.0124482065,0.0000000000
0.2033008486,0.2000000030,-0.0033008456,-0.0039420133,-0.1971006542,0.1971006542,0.0000000000,-0.0033008456
0.2010750473,0.2000000030,0.0000000000,0.0019805073,0.0990253612,0.0990253612,-0.0033008456,0.0000000000
0.2037854642,0.2000000030,-0.0037854612,-0.0023257721,-0.1162886024,0.1162886024,0.0000000000,-0.0037854612
0.1993856877,0.2000000030,0.0000000000,0.0022712769,0.1135638431,0.1135638431,-0.0037854612,0.0000000000
0.2080018073,0.2000000030,-0.0080018044,-0.0042778859,-0.2138942778,0.2138942778,0.0000000000,-0.0080018044
0.1925427169,0.2000000030,0.0074572861,0.0080822892,0.4041144550,0.4041144550,-0.0080018044,0.0074572861
0.1967777461,0.2000000030,0.0032222569,-0.0046569398,-0.2328469753,0.2328469753,0.0074572861,0.0032222569
0.1917136163,0.2000000030,0.0082863867,0.0032041133,0.1602056623,0.1602056623,0.0032222569,0.0082863867
0.2046630532,0.2000000030,-0.0046630502,-0.0063791228,-0.3189561367,0.3189561367,0.0082863867,-0.0046630502
0.2012312561,0.2000000030,0.0000000000,0.0044551073,0.2227553576,0.2227553576,-0.0046630502,0.0000000000
0.1986438334,0.2000000030,0.0000000000,-0.0009326101,-0.0466305017,0.0466305017,0.0000000000,0.0000000000
0.2006042153,0.2000000030,0.0000000000,0.0000000000,0.0000000000,0.0000000000,0.0000000000,0.0000000000
0.2128777951,0.2000000030,-0.0128777921,-0.0056662285,-0.2833114266,0.2833114266,0.0000000000,-0.0128777921
0.1999013573,0.2000000030,0.0000000000,0.0077266749,0.3863337338,0.3863337338,-0.0128777921,0.0000000000
0.1992077231,0.2000000030,0.0000000000,-0.0025755584,-0.1287779212,0.1287779212,0.0000000000,0.0000000000
0.1938551664,0.2000000030,0.0061448365,0.0027037282,0.1351864040,0.1351864040,0.0000000000,0.0061448365
0.2064938247,0.2000000030,-0.0064938217,-0.0065441835,-0.3272091746,0.3272091746,0.0061448365,-0.0064938217
0.1962713748,0.2000000030,0.0037286282,0.0067658564,0.3382928371,0.3382928371,-0.0064938217,0.0037286282
0.2101980746,0.2000000030,-0.0101980716,-0.0080230925,-0.4011546075,0.4011546075,0.0037286282,-0.0101980716
0.1999439150,0.2000000030,0.0000000000,0.0068645691,0.3432284594,0.3432284594,-0.0101980716,0.0000000000
0.2056220174,0.2000000030,-0.0056220144,-0.0045133010,-0.2256650478,0.2256650478,0.0000000000,-0.0056220144
0.2131052464,0.2000000030,-0.0131052434,-0.0023930985,-0.1196549237,0.1196549237,-0.0056220144,-0.0131052434
0.2001011670,0.2000000030,0.0000000000,0.0067387437,0.3369371891,0.3369371891,-0.0131052434,0.0000000000
0.2011279017,0.2000000030,0.0000000000,-0.0026210488,-0.1310524493,0.1310524493,0.0000000000,0.0000000000
0.2036786824,0.2000000030,-0.0036786795,-0.0016186191,-0.0809309557,0.0809309557,0.0000000000,-0.0036786795
0.2036235631,0.2000000030,-0.0036235601,0.0006128412,0.0306420606,0.0306420606,-0.0036786795,-0.0036235601
0.2048708349,0.2000000030,-0.0048708320,-0.0007047659,-0.0352382958,0.0352382958,-0.0036235601,-0.0048708320
0.2021075189,0.2000000030,-0.0021075159,0.0012704802,0.0635240078,0.0635240078,-0.0048708320,-0.0021075159
0.2024245262,0.2000000030,-0.0024245232,-0.0007764471,-0.0388223566,0.0388223566,-0.0021075159,-0.0024245232
0.2070071399,0.2000000030,-0.0070071369,-0.0020499295,-0.1024964750,0.1024964750,-0.0024245232,-0.0070071369
0.1949254274,0.2000000030,0.0050745755,0.0059521906,0.2976095378,0.2976095378,-0.0070071369,0.0050745755
0.2062434554,0.2000000030,-0.0062434524,-0.0071932916,-0.3596645594,0.3596645594,